{
    "accuracy": 0.8423076923076923,
    "precision": 0.8498780886890418,
    "recall": 0.8423076923076923,
    "f1_score": 0.842446329909377
}
