{
    "accuracy": 0.9361538461538461,
    "precision": 0.9383240176074675,
    "recall": 0.9361538461538461,
    "f1_score": 0.9360647470587051
}
